{"seismic": [0.02953191569717948, 46.128420894182966], "acoustic_impedance": [10261.340602364853, 2912.648028655796], "bulk_modulus": [12.618676997926215, 14.05098338389269], "density": [21.758200357958714, 1.631210125170976], "permeability": [39.02876366452904, 11.069256897690748], "poissonratio": [0.1270165797697985, 0.13467250531678773], "porosity": [0.1379282070515612, 0.00815122443770474], "shear_impedance": [2961.458744455537, 3122.25282977129], "shear_modulus": [7.214017406460313, 8.250048178241688], "Vp_Vs": [1.6326142625656073, 0.42960565722828675], "Youngs_Modulus": [18.022224377400306, 20.32768602708978]}