{"seismic": [0.03650404219385493, 39.02420820352109], "acoustic_impedance": [10261.340602364853, 2912.648028655796], "bulk_modulus": [12.618676997926215, 14.05098338389269], "density": [1.2486615167472337, 1.278778871709388], "permeability": [4.5522149998032155, 25.375414750775448], "poissonratio": [0.1270165797697985, 0.13467250531678773], "porosity": [0.014621134552831878, 0.0442535091019958]}